{
  "AltOpt": {
    "S1_1": 4.776852607727051,
    "S1_2": -3.2079062461853027,
    "S1_3": -1.8097022771835327,
    "S2_1": 4.402069568634033,
    "S2_2": -2.7089500427246094,
    "S2_3": -3.143550395965576,
    "S3_1": -1.2454173564910889,
    "S3_2": -2.3444085121154785,
    "S3_3": -3.857727527618408,
    "S4_1": -2.225886583328247,
    "S4_2": -2.284935712814331,
    "S4_3": 0.12104332447052002,
    "S5_1": -1.623124361038208,
    "S5_2": -2.225886583328247,
    "S5_3": -0.3400026559829712,
    "S6_1": 0.20064932107925415,
    "S6_2": -1.7478736639022827,
    "S6_3": 1.8557928800582886,
    "S7_1": -3.408630132675171,
    "S7_2": -1.436323642730713,
    "S7_3": -3.5506227016448975,
    "S8_1": 1.3955607414245605,
    "S8_2": 0.042400095611810684,
    "S8_3": 0.12104310840368271
  },
  "MotionTTT": {
    "S1_1": 0.865646481513977,
    "S1_2": -3.143550395965576,
    "S1_3": -2.9552347660064697,
    "S2_1": 3.477553606033325,
    "S2_2": -2.8318114280700684,
    "S2_3": -3.08012318611145,
    "S3_1": -2.6476407051086426,
    "S3_2": -2.9552345275878906,
    "S3_3": -3.478710651397705,
    "S4_1": -2.7089500427246094,
    "S4_2": -2.586446762084961,
    "S4_3": -0.26549071073532104,
    "S5_1": -1.8708502054214478,
    "S5_2": -2.7089500427246094,
    "S5_3": -1.5607436895370483,
    "S6_1": -0.3400025963783264,
    "S6_2": -1.8708502054214478,
    "S6_3": 1.4863513708114624,
    "S7_1": -3.340247869491577,
    "S7_2": -1.179283857345581,
    "S7_3": -3.478710889816284,
    "S8_1": 0.20064929127693176,
    "S8_2": -1.7478736639022827,
    "S8_3": -0.189597025513649
  },
  "E2E": {
    "S1_1": 6.002597332000732,
    "S1_2": 2.5209031105041504,
    "S1_3": 3.1925153732299805,
    "S2_1": 6.725918292999268,
    "S2_2": 4.035549163818359,
    "S2_3": 3.1925153732299805,
    "S3_1": 5.4763312339782715,
    "S3_2": 3.477553606033325,
    "S3_3": 1.3054358959197998,
    "S4_1": 3.3828623294830322,
    "S4_2": 2.617152452468872,
    "S4_3": 4.776852607727051,
    "S5_1": 4.31015157699585,
    "S5_2": 1.7625561952590942,
    "S5_3": 4.873104095458984,
    "S6_1": 4.776852607727051,
    "S6_2": 3.665605306625366,
    "S6_3": 6.108243465423584,
    "S7_1": 1.4863513708114624,
    "S7_2": 4.035549163818359,
    "S7_3": 1.3955607414245605,
    "S8_1": 6.421848773956299,
    "S8_2": 5.270572662353516,
    "S8_3": 6.213487148284912
  }
}