{
  "S1_1": 1.8283662,
  "S1_2": -0.4427605,
  "S1_3": -0.0082859285,
  "S2_1": 2.4174862,
  "S2_2": 1.1018066,
  "S2_3": 0.4854689,
  "S3_1": 1.6726702,
  "S3_2": 0.7707646,
  "S3_3": -0.0571552,
  "S4_1": 0.8077736,
  "S4_2": 0.34636593,
  "S4_3": 1.5518125,
  "S5_1": 1.7816674,
  "S5_2": 0.35635892,
  "S5_3": 0.8668078,
  "S6_1": 1.4046979,
  "S6_2": 1.0405546,
  "S6_3": 2.196827,
  "S7_1": -0.15649462,
  "S7_2": 0.81338173,
  "S7_3": -0.23103055,
  "S8_1": 2.1894407,
  "S8_2": 1.400154,
  "S8_3": 2.2301254
}